{"properties":{"connectionReferences":{"shared_commondataserviceforapps":{"runtimeSource":"embedded","connection":{"connectionReferenceLogicalName":"nfba_sharedcommondataserviceforapps_5e8c2"},"api":{"name":"shared_commondataserviceforapps"}},"shared_office365_1":{"runtimeSource":"embedded","connection":{"connectionReferenceLogicalName":"nfba_sharedoffice365_40c8c"},"api":{"name":"shared_office365"}}},"definition":{"$schema":"https://schema.management.azure.com/providers/Microsoft.Logic/schemas/2016-06-01/workflowdefinition.json#","contentVersion":"1.0.0.0","parameters":{"$connections":{"defaultValue":{},"type":"Object"},"$authentication":{"defaultValue":{},"type":"SecureObject"}},"triggers":{"When_the_Episode_changes_status_reason":{"type":"OpenApiConnectionWebhook","inputs":{"host":{"connectionName":"shared_commondataserviceforapps","operationId":"SubscribeWebhookTrigger","apiId":"/providers/Microsoft.PowerApps/apis/shared_commondataserviceforapps"},"parameters":{"subscriptionRequest/message":3,"subscriptionRequest/entityname":"nfba_episode","subscriptionRequest/scope":4,"subscriptionRequest/filteringattributes":"statuscode"},"authentication":"@parameters('$authentication')"}}},"actions":{"Initialize_variable":{"runAfter":{},"type":"InitializeVariable","inputs":{"variables":[{"name":"To","type":"string"}]}},"Validates_status_reason":{"runAfter":{"Initialize_variable":["Succeeded"]},"cases":{"Case":{"case":519870000,"actions":{"List_episode_content":{"runAfter":{},"type":"OpenApiConnection","inputs":{"host":{"connectionName":"shared_commondataserviceforapps","operationId":"ListRecords","apiId":"/providers/Microsoft.PowerApps/apis/shared_commondataserviceforapps"},"parameters":{"entityName":"nfba_contents","fetchXml":"<?xml version=\"1.0\"?>\n\n<fetch distinct=\"true\" mapping=\"logical\" output-format=\"xml-platform\" version=\"1.0\">\n\n\n<entity name=\"nfba_content\">\n\n<attribute name=\"nfba_contentid\"/>\n\n<attribute name=\"nfba_title\"/>\n<attribute name=\"nfba_url\"/>\n<attribute name=\"nfba_description\"/>\n<attribute name=\"createdon\"/>\n\n\n<order descending=\"false\" attribute=\"nfba_title\"/>\n\n\n<link-entity name=\"nfba_episodecontent\" alias=\"ad\" link-type=\"inner\" to=\"nfba_contentid\" from=\"nfba_contentid\">\n\n\n<filter type=\"and\">\n\n<condition attribute=\"nfba_episodeid\" value=\"@{triggerOutputs()?['body/nfba_episodeid']}\" uitype=\"nfba_episode\" uiname=\"Power 365 News #10\" operator=\"eq\"/>\n\n</filter>\n\n</link-entity>\n\n</entity>\n\n</fetch>"},"authentication":"@parameters('$authentication')"}},"Apply_to_each":{"foreach":"@outputs('List_episode_content')?['body/value']","actions":{"Update_a_row":{"runAfter":{},"type":"OpenApiConnection","inputs":{"host":{"connectionName":"shared_commondataserviceforapps","operationId":"UpdateRecord","apiId":"/providers/Microsoft.PowerApps/apis/shared_commondataserviceforapps"},"parameters":{"entityName":"nfba_contents","recordId":"@items('Apply_to_each')?['nfba_contentid']","item/statuscode":519870000},"authentication":"@parameters('$authentication')"}}},"runAfter":{"List_episode_content":["Succeeded"]},"type":"Foreach"}}},"Case_2":{"case":519870001,"actions":{"List_participants":{"runAfter":{},"type":"OpenApiConnection","inputs":{"host":{"connectionName":"shared_commondataserviceforapps","operationId":"ListRecords","apiId":"/providers/Microsoft.PowerApps/apis/shared_commondataserviceforapps"},"parameters":{"entityName":"contacts","fetchXml":"<?xml version=\"1.0\"?>\n\n<fetch distinct=\"true\" mapping=\"logical\" output-format=\"xml-platform\" version=\"1.0\">\n\n\n<entity name=\"contact\">\n\n<attribute name=\"fullname\"/>\n\n<attribute name=\"telephone1\"/>\n\n<attribute name=\"contactid\"/>\n\n<order descending=\"false\" attribute=\"fullname\"/>\n\n\n<link-entity name=\"nfba_episode_contact\" intersect=\"true\" visible=\"false\" to=\"contactid\" from=\"contactid\">\n\n<link-entity name=\"nfba_episode\" to=\"nfba_episodeid\" from=\"nfba_episodeid\" alias=\"ab\"/>\n\n</link-entity>\n\n</entity>\n\n</fetch>"},"authentication":"@parameters('$authentication')"}},"Generate_recipients":{"foreach":"@outputs('List_participants')?['body/value']","actions":{"Get_a_row_by_ID":{"runAfter":{},"type":"OpenApiConnection","inputs":{"host":{"connectionName":"shared_commondataserviceforapps","operationId":"GetItem","apiId":"/providers/Microsoft.PowerApps/apis/shared_commondataserviceforapps"},"parameters":{"entityName":"contacts","recordId":"@items('Generate_recipients')?['contactid']"},"authentication":"@parameters('$authentication')"}},"Append_to_string_variable":{"runAfter":{"Get_a_row_by_ID":["Succeeded"]},"type":"AppendToStringVariable","inputs":{"name":"To","value":"@concat(outputs('Get_a_row_by_ID')?['body/emailaddress1'], ';')"}}},"runAfter":{"List_participants":["Succeeded"]},"type":"Foreach"},"Send_an_email_(V2)":{"runAfter":{"Content_Table":["Succeeded"]},"type":"OpenApiConnection","inputs":{"host":{"connectionName":"shared_office365_1","operationId":"SendEmailV2","apiId":"/providers/Microsoft.PowerApps/apis/shared_office365"},"parameters":{"emailMessage/To":"@variables('To')","emailMessage/Subject":"test","emailMessage/Body":"<p>Hi,<br>\n<br>\nI'm glad to confirm you that the episode @{triggerOutputs()?['body/nfba_title']} on @{triggerOutputs()?['body/nfba_date']}is fully planned<br>\n.<br>\nThe episode content will be:<br>\n<br>\n@{outputs('Compose')}<br>\n<br>\nThe content is detailed as follows:<br>\n<br>\n@{body('Content_Table')}<br>\n<br>\nThe YouTube URL is: @{triggerOutputs()?['body/nfba_youtubeurl']}<br>\nAnd the Streaming invite link is: @{triggerOutputs()?['body/nfba_streaminginviteurl']}<br>\n<br>\nSee you on the show!<br>\n<br>\nRegards.</p>"},"authentication":"@parameters('$authentication')"}},"Content_Table":{"runAfter":{"List_episode_content_3":["Succeeded"]},"type":"Table","inputs":{"from":"@outputs('List_episode_content_3')?['body/value']","format":"HTML","columns":[{"header":"Title","value":"@item()?['nfba_title']"},{"header":"Description","value":"@item()?['nfba_description']"},{"header":"URL","value":"@item()?['nfba_url']"}]}},"List_episode_content_3":{"runAfter":{"Compose":["Succeeded"]},"type":"OpenApiConnection","inputs":{"host":{"connectionName":"shared_commondataserviceforapps","operationId":"ListRecords","apiId":"/providers/Microsoft.PowerApps/apis/shared_commondataserviceforapps"},"parameters":{"entityName":"nfba_contents","fetchXml":"<?xml version=\"1.0\"?>\n\n<fetch distinct=\"true\" mapping=\"logical\" output-format=\"xml-platform\" version=\"1.0\">\n\n\n<entity name=\"nfba_content\">\n\n<attribute name=\"nfba_contentid\"/>\n\n<attribute name=\"nfba_title\"/>\n<attribute name=\"nfba_url\"/>\n<attribute name=\"nfba_description\"/>\n<attribute name=\"createdon\"/>\n\n\n<order descending=\"false\" attribute=\"nfba_title\"/>\n\n\n<link-entity name=\"nfba_episodecontent\" alias=\"ad\" link-type=\"inner\" to=\"nfba_contentid\" from=\"nfba_contentid\">\n\n\n<filter type=\"and\">\n\n<condition attribute=\"nfba_episodeid\" value=\"@{triggerOutputs()?['body/nfba_episodeid']}\" uitype=\"nfba_episode\" uiname=\"Power 365 News #10\" operator=\"eq\"/>\n\n</filter>\n\n</link-entity>\n\n</entity>\n\n</fetch>"},"authentication":"@parameters('$authentication')"}},"List_episode_content_2":{"runAfter":{"Generate_recipients":["Succeeded"]},"type":"OpenApiConnection","inputs":{"host":{"connectionName":"shared_commondataserviceforapps","operationId":"ListRecords","apiId":"/providers/Microsoft.PowerApps/apis/shared_commondataserviceforapps"},"parameters":{"entityName":"nfba_episodecontents","fetchXml":"<?xml version=\"1.0\"?>\n\n<fetch distinct=\"false\" mapping=\"logical\" output-format=\"xml-platform\" version=\"1.0\">\n\n\n<entity name=\"nfba_episodecontent\">\n\n<attribute name=\"nfba_episodecontentid\"/>\n<attribute name=\"nfba_contentid\"/>\n<attribute name=\"nfba_id\"/>\n\n<attribute name=\"createdon\"/>\n\n<attribute name=\"nfba_order\"/>\n\n<order descending=\"false\" attribute=\"nfba_order\"/>\n\n\n<filter type=\"and\">\n\n<condition attribute=\"nfba_episodeid\" value=\"@{triggerOutputs()?['body/nfba_episodeid']}\" uitype=\"nfba_episode\" uiname=\"Power 365 News #10\" operator=\"eq\"/>\n\n</filter>\n\n</entity>\n\n</fetch>"},"authentication":"@parameters('$authentication')"}},"Episode_Content_Table":{"runAfter":{"List_episode_content_2":["Succeeded"]},"type":"Table","inputs":{"from":"@outputs('List_episode_content_2')?['body/value']","format":"HTML","columns":[{"header":"Order","value":"@item()?['nfba_order']"},{"header":"Title","value":"@item()?['nfba_id']"}]}},"Compose":{"runAfter":{"Episode_Content_Table":["Succeeded"]},"type":"Compose","inputs":"<style>\ntable {\n  border: 1px solid #1C6EA4;\n  background-color: #FAFAFA;\n  width: 100%;\n  text-align: left;\n  border-collapse: collapse;\n}\ntable td, table th {\n  border: 1px solid #AAAAAA;\n  padding: 3px 2px;\n}\ntable tbody td {\n  font-size: 13px;\n}\ntable thead {\n  background: #324056;\n  border-bottom: 2px solid #444444;\n}\ntable thead th {\n  font-size: 15px;\n  font-weight: bold;\n  color: #FFFFFF;\n  border-left: 2px solid #D0E4F5;\n}\ntable thead th:first-child {\n  border-left: none;\n}\n</style>\n@{body('Episode_Content_Table')}"}}}},"default":{"actions":{}},"expression":"@triggerOutputs()?['body/statuscode']","type":"Switch"}},"outputs":{}}},"schemaVersion":"1.0.0.0"}