<ImportExportXml version="9.2.21083.136" SolutionPackageVersion="9.2" languagecode="1033" generatedBy="CrmLive" xmlns:xsi="http://www.w3.org/2001/XMLSchema-instance">
  <SolutionManifest>
    <UniqueName>NewsProgramBase</UniqueName>
    <LocalizedNames>
      <LocalizedName description="News Program Base" languagecode="1033" />
    </LocalizedNames>
    <Descriptions />
    <Version>1.0.0.0</Version>
    <Managed>0</Managed>
    <Publisher>
      <UniqueName>nfernandezba</UniqueName>
      <LocalizedNames>
        <LocalizedName description="Nico Fernandez" languagecode="1033" />
      </LocalizedNames>
      <Descriptions />
      <EMailAddress xsi:nil="true"></EMailAddress>
      <SupportingWebsiteUrl xsi:nil="true"></SupportingWebsiteUrl>
      <CustomizationPrefix>nfba</CustomizationPrefix>
      <CustomizationOptionValuePrefix>51987</CustomizationOptionValuePrefix>
      <Addresses>
        <Address>
          <AddressNumber>1</AddressNumber>
          <AddressTypeCode>1</AddressTypeCode>
          <City xsi:nil="true"></City>
          <County xsi:nil="true"></County>
          <Country xsi:nil="true"></Country>
          <Fax xsi:nil="true"></Fax>
          <FreightTermsCode xsi:nil="true"></FreightTermsCode>
          <ImportSequenceNumber xsi:nil="true"></ImportSequenceNumber>
          <Latitude xsi:nil="true"></Latitude>
          <Line1 xsi:nil="true"></Line1>
          <Line2 xsi:nil="true"></Line2>
          <Line3 xsi:nil="true"></Line3>
          <Longitude xsi:nil="true"></Longitude>
          <Name xsi:nil="true"></Name>
          <PostalCode xsi:nil="true"></PostalCode>
          <PostOfficeBox xsi:nil="true"></PostOfficeBox>
          <PrimaryContactName xsi:nil="true"></PrimaryContactName>
          <ShippingMethodCode>1</ShippingMethodCode>
          <StateOrProvince xsi:nil="true"></StateOrProvince>
          <Telephone1 xsi:nil="true"></Telephone1>
          <Telephone2 xsi:nil="true"></Telephone2>
          <Telephone3 xsi:nil="true"></Telephone3>
          <TimeZoneRuleVersionNumber xsi:nil="true"></TimeZoneRuleVersionNumber>
          <UPSZone xsi:nil="true"></UPSZone>
          <UTCOffset xsi:nil="true"></UTCOffset>
          <UTCConversionTimeZoneCode xsi:nil="true"></UTCConversionTimeZoneCode>
        </Address>
        <Address>
          <AddressNumber>2</AddressNumber>
          <AddressTypeCode>1</AddressTypeCode>
          <City xsi:nil="true"></City>
          <County xsi:nil="true"></County>
          <Country xsi:nil="true"></Country>
          <Fax xsi:nil="true"></Fax>
          <FreightTermsCode xsi:nil="true"></FreightTermsCode>
          <ImportSequenceNumber xsi:nil="true"></ImportSequenceNumber>
          <Latitude xsi:nil="true"></Latitude>
          <Line1 xsi:nil="true"></Line1>
          <Line2 xsi:nil="true"></Line2>
          <Line3 xsi:nil="true"></Line3>
          <Longitude xsi:nil="true"></Longitude>
          <Name xsi:nil="true"></Name>
          <PostalCode xsi:nil="true"></PostalCode>
          <PostOfficeBox xsi:nil="true"></PostOfficeBox>
          <PrimaryContactName xsi:nil="true"></PrimaryContactName>
          <ShippingMethodCode>1</ShippingMethodCode>
          <StateOrProvince xsi:nil="true"></StateOrProvince>
          <Telephone1 xsi:nil="true"></Telephone1>
          <Telephone2 xsi:nil="true"></Telephone2>
          <Telephone3 xsi:nil="true"></Telephone3>
          <TimeZoneRuleVersionNumber xsi:nil="true"></TimeZoneRuleVersionNumber>
          <UPSZone xsi:nil="true"></UPSZone>
          <UTCOffset xsi:nil="true"></UTCOffset>
          <UTCConversionTimeZoneCode xsi:nil="true"></UTCConversionTimeZoneCode>
        </Address>
      </Addresses>
    </Publisher>
    <RootComponents>
      <RootComponent type="1" schemaName="contact" behavior="2" />
      <RootComponent type="1" schemaName="nfba_block" behavior="0" />
      <RootComponent type="1" schemaName="nfba_content" behavior="0" />
      <RootComponent type="1" schemaName="nfba_episode" behavior="0" />
      <RootComponent type="1" schemaName="nfba_episodecontent" behavior="0" />
      <RootComponent type="1" schemaName="nfba_episodeplanningbpf" behavior="0" />
      <RootComponent type="1" schemaName="nfba_format" behavior="0" />
      <RootComponent type="1" schemaName="nfba_topic" behavior="0" />
      <RootComponent type="9" schemaName="nfba_episodetype" behavior="0" />
      <RootComponent type="29" id="{03f25c63-0b14-ec11-b6e6-002248412246}" behavior="0" />
      <RootComponent type="29" id="{9551feb9-552a-4397-a8ce-76d1b769d653}" behavior="0" />
      <RootComponent type="29" id="{ed0267e0-9e86-48e1-bb38-b016d84e6415}" behavior="0" />
      <RootComponent type="60" id="{0cb19b61-080f-ec11-b6e6-000d3a399de2}" behavior="0" />
      <RootComponent type="61" schemaName="nfba_blockicon" behavior="0" />
      <RootComponent type="61" schemaName="nfba_contenticon" behavior="0" />
      <RootComponent type="61" schemaName="nfba_EpisodeContentIcon" behavior="0" />
      <RootComponent type="61" schemaName="nfba_episodeicon" behavior="0" />
      <RootComponent type="61" schemaName="nfba_FormatIcon" behavior="0" />
      <RootComponent type="61" schemaName="nfba_TopicIcon" behavior="0" />
    </RootComponents>
    <MissingDependencies>
      <MissingDependency>
        <Required type="66" schemaName="MscrmControls.CardFeedContainer.CardFeedContainer" displayName="MscrmControls.CardFeedContainer.CardFeedContainer" solution="BaseCustomControlsCore (9.0.2108.3014)" />
        <Dependent type="60" displayName="Contributor" parentDisplayName="Contact" id="{823d4bfa-020f-ec11-b6e6-000d3a399de2}" />
      </MissingDependency>
    </MissingDependencies>
  </SolutionManifest>
</ImportExportXml>