<ImportExportXml version="9.2.21083.136" SolutionPackageVersion="9.2" languagecode="1033" generatedBy="CrmLive" xmlns:xsi="http://www.w3.org/2001/XMLSchema-instance">
  <SolutionManifest>
    <UniqueName>NewsProgramMDA</UniqueName>
    <LocalizedNames>
      <LocalizedName description="News Program MDA" languagecode="1033" />
    </LocalizedNames>
    <Descriptions />
    <Version>1.0.0.0</Version>
    <Managed>0</Managed>
    <Publisher>
      <UniqueName>nfernandezba</UniqueName>
      <LocalizedNames>
        <LocalizedName description="Nico Fernandez" languagecode="1033" />
      </LocalizedNames>
      <Descriptions />
      <EMailAddress xsi:nil="true"></EMailAddress>
      <SupportingWebsiteUrl xsi:nil="true"></SupportingWebsiteUrl>
      <CustomizationPrefix>nfba</CustomizationPrefix>
      <CustomizationOptionValuePrefix>51987</CustomizationOptionValuePrefix>
      <Addresses>
        <Address>
          <AddressNumber>1</AddressNumber>
          <AddressTypeCode>1</AddressTypeCode>
          <City xsi:nil="true"></City>
          <County xsi:nil="true"></County>
          <Country xsi:nil="true"></Country>
          <Fax xsi:nil="true"></Fax>
          <FreightTermsCode xsi:nil="true"></FreightTermsCode>
          <ImportSequenceNumber xsi:nil="true"></ImportSequenceNumber>
          <Latitude xsi:nil="true"></Latitude>
          <Line1 xsi:nil="true"></Line1>
          <Line2 xsi:nil="true"></Line2>
          <Line3 xsi:nil="true"></Line3>
          <Longitude xsi:nil="true"></Longitude>
          <Name xsi:nil="true"></Name>
          <PostalCode xsi:nil="true"></PostalCode>
          <PostOfficeBox xsi:nil="true"></PostOfficeBox>
          <PrimaryContactName xsi:nil="true"></PrimaryContactName>
          <ShippingMethodCode>1</ShippingMethodCode>
          <StateOrProvince xsi:nil="true"></StateOrProvince>
          <Telephone1 xsi:nil="true"></Telephone1>
          <Telephone2 xsi:nil="true"></Telephone2>
          <Telephone3 xsi:nil="true"></Telephone3>
          <TimeZoneRuleVersionNumber xsi:nil="true"></TimeZoneRuleVersionNumber>
          <UPSZone xsi:nil="true"></UPSZone>
          <UTCOffset xsi:nil="true"></UTCOffset>
          <UTCConversionTimeZoneCode xsi:nil="true"></UTCConversionTimeZoneCode>
        </Address>
        <Address>
          <AddressNumber>2</AddressNumber>
          <AddressTypeCode>1</AddressTypeCode>
          <City xsi:nil="true"></City>
          <County xsi:nil="true"></County>
          <Country xsi:nil="true"></Country>
          <Fax xsi:nil="true"></Fax>
          <FreightTermsCode xsi:nil="true"></FreightTermsCode>
          <ImportSequenceNumber xsi:nil="true"></ImportSequenceNumber>
          <Latitude xsi:nil="true"></Latitude>
          <Line1 xsi:nil="true"></Line1>
          <Line2 xsi:nil="true"></Line2>
          <Line3 xsi:nil="true"></Line3>
          <Longitude xsi:nil="true"></Longitude>
          <Name xsi:nil="true"></Name>
          <PostalCode xsi:nil="true"></PostalCode>
          <PostOfficeBox xsi:nil="true"></PostOfficeBox>
          <PrimaryContactName xsi:nil="true"></PrimaryContactName>
          <ShippingMethodCode>1</ShippingMethodCode>
          <StateOrProvince xsi:nil="true"></StateOrProvince>
          <Telephone1 xsi:nil="true"></Telephone1>
          <Telephone2 xsi:nil="true"></Telephone2>
          <Telephone3 xsi:nil="true"></Telephone3>
          <TimeZoneRuleVersionNumber xsi:nil="true"></TimeZoneRuleVersionNumber>
          <UPSZone xsi:nil="true"></UPSZone>
          <UTCOffset xsi:nil="true"></UTCOffset>
          <UTCConversionTimeZoneCode xsi:nil="true"></UTCConversionTimeZoneCode>
        </Address>
      </Addresses>
    </Publisher>
    <RootComponents>
      <RootComponent type="61" schemaName="nfba_AppIcon" behavior="0" />
      <RootComponent type="62" schemaName="nfba_NewsProgramManagement" behavior="0" />
      <RootComponent type="80" schemaName="nfba_NewsProgramManagement" behavior="0" />
    </RootComponents>
    <MissingDependencies>
      <MissingDependency>
        <Required type="1" schemaName="nfba_block" displayName="Block" solution="Active" />
        <Dependent type="62" schemaName="nfba_NewsProgramManagement" />
      </MissingDependency>
      <MissingDependency>
        <Required type="1" schemaName="nfba_block" displayName="Block" solution="Active" />
        <Dependent type="80" schemaName="nfba_NewsProgramManagement" displayName="News Program Management" />
      </MissingDependency>
      <MissingDependency>
        <Required type="1" schemaName="nfba_content" displayName="Content" solution="Active" />
        <Dependent type="62" schemaName="nfba_NewsProgramManagement" />
      </MissingDependency>
      <MissingDependency>
        <Required type="1" schemaName="nfba_content" displayName="Content" solution="Active" />
        <Dependent type="80" schemaName="nfba_NewsProgramManagement" displayName="News Program Management" />
      </MissingDependency>
      <MissingDependency>
        <Required type="1" schemaName="nfba_episode" displayName="Episode" solution="Active" />
        <Dependent type="62" schemaName="nfba_NewsProgramManagement" />
      </MissingDependency>
      <MissingDependency>
        <Required type="1" schemaName="nfba_episode" displayName="Episode" solution="Active" />
        <Dependent type="80" schemaName="nfba_NewsProgramManagement" displayName="News Program Management" />
      </MissingDependency>
      <MissingDependency>
        <Required type="1" schemaName="nfba_episodecontent" displayName="Episode Content" solution="Active" />
        <Dependent type="62" schemaName="nfba_NewsProgramManagement" />
      </MissingDependency>
      <MissingDependency>
        <Required type="1" schemaName="nfba_episodecontent" displayName="Episode Content" solution="Active" />
        <Dependent type="80" schemaName="nfba_NewsProgramManagement" displayName="News Program Management" />
      </MissingDependency>
      <MissingDependency>
        <Required type="1" schemaName="nfba_episodeplanningbpf" displayName="Episode Planning" solution="Active" />
        <Dependent type="80" schemaName="nfba_NewsProgramManagement" displayName="News Program Management" />
      </MissingDependency>
      <MissingDependency>
        <Required type="1" schemaName="nfba_format" displayName="Format" solution="Active" />
        <Dependent type="62" schemaName="nfba_NewsProgramManagement" />
      </MissingDependency>
      <MissingDependency>
        <Required type="1" schemaName="nfba_format" displayName="Format" solution="Active" />
        <Dependent type="80" schemaName="nfba_NewsProgramManagement" displayName="News Program Management" />
      </MissingDependency>
      <MissingDependency>
        <Required type="1" schemaName="nfba_topic" displayName="Topic" solution="Active" />
        <Dependent type="62" schemaName="nfba_NewsProgramManagement" />
      </MissingDependency>
      <MissingDependency>
        <Required type="1" schemaName="nfba_topic" displayName="Topic" solution="Active" />
        <Dependent type="80" schemaName="nfba_NewsProgramManagement" displayName="News Program Management" />
      </MissingDependency>
      <MissingDependency>
        <Required type="26" schemaName="Contributors" displayName="Contributors" parentSchemaName="contact" parentDisplayName="Contact" solution="Active" id="{33e34fe1-530f-ec11-b6e6-000d3a399de2}" />
        <Dependent type="80" schemaName="nfba_NewsProgramManagement" displayName="News Program Management" />
      </MissingDependency>
      <MissingDependency>
        <Required type="29" displayName="Episode Planning" solution="Active" id="{ed0267e0-9e86-48e1-bb38-b016d84e6415}" />
        <Dependent type="80" schemaName="nfba_NewsProgramManagement" displayName="News Program Management" />
      </MissingDependency>
      <MissingDependency>
        <Required type="60" displayName="Episodes &amp; Content" solution="Active" id="{0cb19b61-080f-ec11-b6e6-000d3a399de2}" />
        <Dependent type="80" schemaName="nfba_NewsProgramManagement" displayName="News Program Management" />
      </MissingDependency>
      <MissingDependency>
        <Required type="60" displayName="Contact" parentDisplayName="Contact" solution="msdynce_AppCommon (9.0.4.0066)" id="{1fed44d1-ae68-4a41-bd2b-f13acac4acfa}" />
        <Dependent type="80" schemaName="nfba_NewsProgramManagement" displayName="News Program Management" />
      </MissingDependency>
      <MissingDependency>
        <Required type="60" displayName="Contributor Quick Create Form" parentDisplayName="Contact" solution="Active" id="{c15e1648-5f0f-ec11-b6e6-000d3a399de2}" />
        <Dependent type="80" schemaName="nfba_NewsProgramManagement" displayName="News Program Management" />
      </MissingDependency>
    </MissingDependencies>
  </SolutionManifest>
</ImportExportXml>